"base_license_number","year","month","total_dispatched_trips","total_dispatched_shared_trips","unique_dispatched_vehicles"
"LYFT","2024","1","5231175","0","61326"
"UBER","2024","1","14433122","227595","75678"
"LYFT","2024","2","4949843","0","60187"
"UBER","2024","2","14409466","251345","75528"
"LYFT","2024","3","5658791","0","60407"
"UBER","2024","3","15622111","289448","75675"
"LYFT","2024","4","5028841","0","59662"
"UBER","2024","4","14704197","271031","75353"
"LYFT","2024","5","5166271","0","60689"
"UBER","2024","5","15538267","283982","75680"
"LYFT","2024","6","4965194","0","61436"
"UBER","2024","6","15158032","282953","74520"
"LYFT","2024","7","4854170","0","60414"
"UBER","2024","7","14328764","282927","72846"
"LYFT","2024","8","5021000","0","57918"
"UBER","2024","8","14107392","315759","72508"
"LYFT","2024","9","4588443","0","54650"
"UBER","2024","9","14621443","354007","73817"
"LYFT","2024","10","4882969","0","54090"
"UBER","2024","10","15145563","318671","73759"
"LYFT","2024","11","4860617","0","52676"
"UBER","2024","11","15126916","360152","73640"
"LYFT","2024","12","5137337","0","53651"
"UBER","2024","12","15931514","484201","73229"
"LYFT","2025","1","5049211","0","53842"
"UBER","2025","1","15356455","471930","72016"
"LYFT","2025","2","4919838","0","53191"
"UBER","2025","2","14419623","379752","70936"
"LYFT","2025","3","5989698","0","54788"
"UBER","2025","3","14547181","298194","71231"
"LYFT","2025","4","5393461","0","54880"
"UBER","2025","4","14360522","297987","71492"
"LYFT","2025","5","6052324","0","55502"
"UBER","2025","5","15038869","359025","71846"
"LYFT","2025","6","5700648","266","54778"
"UBER","2025","6","14167361","365480","71571"
"LYFT","2025","7","5511230","1086","54320"
"UBER","2025","7","14141782","368237","72283"
"LYFT","2025","8","5713104","1282","53685"
"UBER","2025","8","13558357","339922","72516"
"LYFT","2025","9","5387601","1282","54737"
"UBER","2025","9","14047040","280004","74335"
"LYFT","2025","10","5838529","1555","55677"
"UBER","2025","10","15470172","288016","76205"
"LYFT","2025","11","5909784","1488","55777"
"UBER","2025","11","14908456","259613","77102"
"LYFT","2025","12","6134710","1582","55793"
"UBER","2025","12","15973728","233155","76981"
"LYFT","2026","1","5694742","1469","54760"
"UBER","2026","1","15144704","234730","76452"
"LYFT","2026","2","5708725","1744","53170"
"UBER","2026","2","14166961","217561","75550"
"LYFT","2026","3","6102183","2054","53803"
"UBER","2026","3","15956175","180014","76566"
"LYFT","2026","4","5617095","1938","53897"
"UBER","2026","4","15378858","255385","77193"
"LYFT","2026","5","6770928","2022","54380"
"UBER","2026","5","15354816","220904","77541"
