Month/Year,License Class,Trips Per Day,Unique Drivers,Unique Vehicles,Trips Per Day Shared
2024-01,FHV - High Volume,"634,329","84,472","83,785","7,341"
2024-02,FHV - High Volume,"667,560","84,133","83,713","8,667"
2024-03,FHV - High Volume,"686,479","84,901","83,966","9,337"
2024-04,FHV - High Volume,"657,765","84,517","83,683","9,034"
2024-05,FHV - High Volume,"667,886","84,900","83,944","9,160"
2024-06,FHV - High Volume,"670,772","83,794","82,824","9,431"
2024-07,FHV - High Volume,"618,802","82,125","81,319","9,126"
2024-08,FHV - High Volume,"617,043","81,306","80,570","10,185"
2024-09,FHV - High Volume,"640,325","82,503","81,572","11,800"
2024-10,FHV - High Volume,"646,072","82,793","81,962","10,279"
2024-11,FHV - High Volume,"666,250","82,674","81,836","12,005"
2024-12,FHV - High Volume,"679,639","82,675","81,715","15,619"
2025-01,FHV - High Volume,"658,246","81,324","80,519","15,223"
2025-02,FHV - High Volume,"690,694","80,286","79,556","13,562"
2025-03,FHV - High Volume,"662,479","80,637","79,950","9,619"
2025-04,FHV - High Volume,"658,465","80,878","80,267","9,932"
2025-05,FHV - High Volume,"680,359","81,398","80,736","11,581"
2025-06,FHV - High Volume,"662,265","81,148","80,495","12,191"
2025-07,FHV - High Volume,"633,966","82,341","80,640","11,913"
2025-08,FHV - High Volume,"621,658","82,302","80,653","11,006"
2025-09,FHV - High Volume,"647,819","84,749","82,341","9,376"
2025-10,FHV - High Volume,"687,375","87,473","84,054","9,341"
2025-11,FHV - High Volume,"693,938","88,536","84,943","8,703"
2025-12,FHV - High Volume,"713,174","88,510","84,820","7,572"
2026-01,FHV - High Volume,"672,214","87,173","83,985","7,618"
2026-02,FHV - High Volume,"709,840","85,988","83,273","7,832"
2026-03,FHV - High Volume,"711,542","87,207","84,004","5,872"
2026-04,FHV - High Volume,"699,863","87,801","84,421","8,577"
2026-05,FHV - High Volume,"713,730","88,089","84,907","7,191"
2026-06,FHV - High Volume,"707,670","87,639","84,596","8,619"
2026-07,FHV - High Volume,"674,877","87,170","84,389","5,355"
